CountryName,CountryCode,Year,GDP
Albania,ALB,2010,11926922828.9911
American Samoa,ASM,2010,573000000.0
Andorra,AND,2010,3449925738.86069
Armenia,ARM,2010,9260284937.79781
Australia,AUS,2010,1147589183475.73
Austria,AUT,2010,392275107258.667
Azerbaijan,AZE,2010,52909294791.9262
Belarus,BLR,2010,57222490768.7143
Belgium,BEL,2010,481420882905.001
Bosnia and Herzegovina,BIH,2010,17176781065.8902
Brunei Darussalam,BRN,2010,13707370737.0737
Bulgaria,BGR,2010,50682061053.2016
Cambodia,KHM,2010,11242275198.9783
Channel Islands,CHI,2010,395967329824.6849
China,CHN,2010,6087163874510.73
Croatia,HRV,2010,60426018629.2992
Cyprus,CYP,2010,25732432719.0773
Czechia,CZE,2010,209069940963.177
Denmark,DNK,2010,321995279401.502
Estonia,EST,2010,19523477325.6235
Faroe Islands,FRO,2010,2322202663.53728
Fiji,FJI,2010,3140508835.9485
Finland,FIN,2010,249424310816.667
France,FRA,2010,2645187882116.67
French Polynesia,PYF,2010,395967329824.6849
Georgia,GEO,2010,12243505582.6741
Germany,DEU,2010,3399667820000.01
Gibraltar,GIB,2010,395967329824.6849
Greece,GRC,2010,297124961971.501
Greenland,GRL,2010,2503156060.52524
Guam,GUM,2010,4949000000.0
"Hong Kong SAR, China",HKG,2010,228637697575.04
Hungary,HUN,2010,132231134158.608
Iceland,ISL,2010,13751161917.7398
Indonesia,IDN,2010,755094160363.071
Ireland,IRL,2010,221876011283.5
Isle of Man,IMN,2010,5920177688.50433
Italy,ITA,2010,2136099955236.67
Japan,JPN,2010,5759071769013.11
Kazakhstan,KAZ,2010,148047348240.643
Kiribati,KIR,2010,155299728.488133
"Korea, Dem. People's Rep.",PRK,2010,395967329824.6849
"Korea, Rep.",KOR,2010,1144066965324.49
Kosovo,XKX,2010,5344014317.91065
Kyrgyz Republic,KGZ,2010,4794357795.07139
Lao PDR,LAO,2010,7131773632.71369
Latvia,LVA,2010,23956163076.5575
Liechtenstein,LIE,2010,5082366478.08994
Lithuania,LTU,2010,37128694028.243
Luxembourg,LUX,2010,56213985987.4168
"Macao SAR, China",MAC,2010,28241858488.9155
Malaysia,MYS,2010,255016609232.871
Marshall Islands,MHL,2010,160407100.0
"Micronesia, Fed. Sts.",FSM,2010,296944100.0
Moldova,MDA,2010,6974982392.67155
Monaco,MCO,2010,5367625613.15127
Mongolia,MNG,2010,7189481824.07288
Montenegro,MNE,2010,4143033275.88493
Myanmar,MMR,2010,37796052938.7278
Nauru,NRU,2010,47564520.3910861
Netherlands,NLD,2010,847380859016.668
New Caledonia,NCL,2010,9364347372.04626
New Zealand,NZL,2010,146517541181.254
North Macedonia,MKD,2010,9407168702.4313
Northern Mariana Islands,MNP,2010,799000000.0
Norway,NOR,2010,428757038466.841
Palau,PLW,2010,185943000.0
Papua New Guinea,PNG,2010,14250755231.1257
Philippines,PHL,2010,208368726861.407
Poland,POL,2010,479834179020.33
Portugal,PRT,2010,238113003233.284
Romania,ROU,2010,166309355234.589
Russian Federation,RUS,2010,1524917468442.01
Samoa,WSM,2010,663161528.405016
San Marino,SMR,2010,1881214370.93994
Serbia,SRB,2010,41819468691.8251
Singapore,SGP,2010,239809387605.427
Slovak Republic,SVK,2010,90801178162.2502
Slovenia,SVN,2010,48208240226.4501
Solomon Islands,SLB,2010,846767635.935272
Spain,ESP,2010,1422108199783.34
Sweden,SWE,2010,495812558843.31
Switzerland,CHE,2010,603434493402.679
Tajikistan,TJK,2010,5642178579.58438
Thailand,THA,2010,341104820155.464
Timor-Leste,TLS,2010,881827800.0
Tonga,TON,2010,366840012.442325
Turkiye,TUR,2010,776992599946.766
Turkmenistan,TKM,2010,22583157894.7368
Tuvalu,TUV,2010,32104201.0640249
Ukraine,UKR,2010,141209864408.488
United Kingdom,GBR,2010,2491110093454.18
Uzbekistan,UZB,2010,49765676402.4495
Vanuatu,VUT,2010,670713208.084552
Vietnam,VNM,2010,147198853578.923
Albania,ALB,2011,12890764531.3284
American Samoa,ASM,2011,570000000.0
Andorra,AND,2011,3629133574.27783
Armenia,ARM,2011,10142111334.4961
Australia,AUS,2011,1397907916789.9
Austria,AUT,2011,431685217367.511
Azerbaijan,AZE,2011,65951627200.2026
Belarus,BLR,2011,61757788944.7236
Belgium,BEL,2011,523330354138.133
Bosnia and Herzegovina,BIH,2011,18644723860.9709
Brunei Darussalam,BRN,2011,18525319977.7407
Bulgaria,BGR,2011,57678241023.818
Cambodia,KHM,2011,12829541141.0127
Channel Islands,CHI,2011,448284015553.5991
China,CHN,2011,7551500124197.17
Croatia,HRV,2011,63169910822.1285
Cyprus,CYP,2011,27565469097.9955
Czechia,CZE,2011,229562733398.948
Denmark,DNK,2011,344003137611.271
Estonia,EST,2011,23213994093.4631
Faroe Islands,FRO,2011,2499152495.01742
Fiji,FJI,2011,3774530615.65916
Finland,FIN,2011,275604356167.316
France,FRA,2011,2865157541994.17
French Polynesia,PYF,2011,448284015553.5991
Georgia,GEO,2011,15107441446.7833
Germany,DEU,2011,3749314991050.59
Gibraltar,GIB,2011,448284015553.5991
Greece,GRC,2011,282995942006.557
Greenland,GRL,2011,2684467375.71479
Guam,GUM,2011,4984000000.0
"Hong Kong SAR, China",HKG,2011,248513617677.287
Hungary,HUN,2011,141999960209.893
Iceland,ISL,2011,15221622925.9319
Indonesia,IDN,2011,892969107923.094
Ireland,IRL,2011,238975558966.528
Isle of Man,IMN,2011,6566098381.6696
Italy,ITA,2011,2294994296589.5
Japan,JPN,2011,6233147172341.35
Kazakhstan,KAZ,2011,192626507971.584
Kiribati,KIR,2011,180665807.21513
"Korea, Dem. People's Rep.",PRK,2011,448284015553.5991
"Korea, Rep.",KOR,2011,1253223044718.99
Kosovo,XKX,2011,6341737193.76392
Kyrgyz Republic,KGZ,2011,6197766118.59856
Lao PDR,LAO,2011,8750107401.57872
Latvia,LVA,2011,27474380566.265
Liechtenstein,LIE,2011,5739977477.47748
Lithuania,LTU,2011,43535051482.3869
Luxembourg,LUX,2011,61696281326.2453
"Macao SAR, China",MAC,2011,36845925519.4433
Malaysia,MYS,2011,297951960784.314
Marshall Islands,MHL,2011,172188500.0
"Micronesia, Fed. Sts.",FSM,2011,311301600.0
Moldova,MDA,2011,8414351671.95869
Monaco,MCO,2011,6088808463.25167
Mongolia,MNG,2011,10409797649.3063
Montenegro,MNE,2011,4544516982.18263
Myanmar,MMR,2011,54118601974.7947
Nauru,NRU,2011,66055407.6703145
Netherlands,NLD,2011,905270626332.687
New Caledonia,NCL,2011,10351442208.992
New Zealand,NZL,2011,168291357111.739
North Macedonia,MKD,2011,10494632699.3859
Northern Mariana Islands,MNP,2011,729000000.0
Norway,NOR,2011,498283438454.281
Palau,PLW,2011,196911100.0
Papua New Guinea,PNG,2011,17984910501.8979
Philippines,PHL,2011,234216930369.796
Poland,POL,2011,528301269069.799
Portugal,PRT,2011,245117990242.248
Romania,ROU,2011,183326740143.016
Russian Federation,RUS,2011,2045925608274.37
Samoa,WSM,2011,737401684.079882
San Marino,SMR,2011,1813752783.96437
Serbia,SRB,2011,49258136128.9672
Singapore,SGP,2011,279351168707.267
Slovak Republic,SVK,2011,99492917848.5897
Slovenia,SVN,2011,51583869785.1849
Solomon Islands,SLB,2011,1049889691.54463
Spain,ESP,2011,1480710495710.12
Sweden,SWE,2011,574094112972.733
Switzerland,CHE,2011,722038242134.62
Tajikistan,TJK,2011,6522732202.50748
Thailand,THA,2011,370819140946.553
Timor-Leste,TLS,2011,1042411500.0
Tonga,TON,2011,414523388.461329
Turkiye,TUR,2011,838762755164.179
Turkmenistan,TKM,2011,29233333333.3333
Tuvalu,TUV,2011,39195461.5781331
Ukraine,UKR,2011,169333048847.834
United Kingdom,GBR,2011,2674891473843.81
Uzbekistan,UZB,2011,60178909297.208
Vanuatu,VUT,2011,770153304.153832
Vietnam,VNM,2011,172595960457.831
Albania,ALB,2012,12319830437.3467
American Samoa,ASM,2012,640000000.0
Andorra,AND,2012,3188652765.36184
Armenia,ARM,2012,10619320048.5857
Australia,AUS,2012,1546508558465.66
Austria,AUT,2012,409401816050.531
Azerbaijan,AZE,2012,69683935845.2139
Belarus,BLR,2012,65685102554.8759
Belgium,BEL,2012,496152879924.727
Bosnia and Herzegovina,BIH,2012,17221192487.0296
Brunei Darussalam,BRN,2012,19047940300.8963
Bulgaria,BGR,2012,54300857424.4415
Cambodia,KHM,2012,14054443213.4639
Channel Islands,CHI,2012,453739518693.16473
China,CHN,2012,8532229986993.65
Croatia,HRV,2012,57192346923.335
Cyprus,CYP,2012,24978513426.6992
Czechia,CZE,2012,208857719320.649
Denmark,DNK,2012,327148943812.137
Estonia,EST,2012,23019150071.1867
Faroe Islands,FRO,2012,2414380664.65257
Fiji,FJI,2012,3972012570.53467
Finland,FIN,2012,258290060227.734
France,FRA,2012,2683671716967.19
French Polynesia,PYF,2012,453739518693.16473
Georgia,GEO,2012,16488403076.3641
Germany,DEU,2012,3527143188785.16
Gibraltar,GIB,2012,453739518693.16473
Greece,GRC,2012,242029307133.408
Greenland,GRL,2012,2609667673.71601
Guam,GUM,2012,5265000000.0
"Hong Kong SAR, China",HKG,2012,262629441493.476
Hungary,HUN,2012,128857370476.631
Iceland,ISL,2012,14751508133.5443
Indonesia,IDN,2012,917869910105.749
Ireland,IRL,2012,225496810956.67
Isle of Man,IMN,2012,6690725118.48341
Italy,ITA,2012,2086957656821.6
Japan,JPN,2012,6272362996105.03
Kazakhstan,KAZ,2012,207998568865.789
Kiribati,KIR,2012,189630114.855587
"Korea, Dem. People's Rep.",PRK,2012,453739518693.16473
"Korea, Rep.",KOR,2012,1278427634342.59
Kosovo,XKX,2012,6163785172.81254
Kyrgyz Republic,KGZ,2012,6605139933.41063
Lao PDR,LAO,2012,10192848926.2582
Latvia,LVA,2012,28169902669.3784
Liechtenstein,LIE,2012,5456009384.66461
Lithuania,LTU,2012,42927454291.478
Luxembourg,LUX,2012,59776383527.3602
"Macao SAR, China",MAC,2012,43189526777.5567
Malaysia,MYS,2012,314443149443.149
Marshall Islands,MHL,2012,180436300.0
"Micronesia, Fed. Sts.",FSM,2012,327248700.0
Moldova,MDA,2012,8709138764.75916
Monaco,MCO,2012,5743029680.07195
Mongolia,MNG,2012,12292770631.1967
Montenegro,MNE,2012,4087725812.66864
Myanmar,MMR,2012,58318677644.9492
Nauru,NRU,2012,96927201.4848422
Netherlands,NLD,2012,838923319919.531
New Caledonia,NCL,2012,9659153061.35633
New Zealand,NZL,2012,176206659722.524
North Macedonia,MKD,2012,9745251126.0109
Northern Mariana Islands,MNP,2012,746000000.0
Norway,NOR,2012,509506317146.541
Palau,PLW,2012,212397800.0
Papua New Guinea,PNG,2012,21295659243.6168
Philippines,PHL,2012,261920509950.555
Poland,POL,2012,498523568248.119
Portugal,PRT,2012,216224240577.957
Romania,ROU,2012,170635805316.879
Russian Federation,RUS,2012,2208295773643.15
Samoa,WSM,2012,760549577.698957
San Marino,SMR,2012,1604779647.95066
Serbia,SRB,2012,43309252921.0567
Singapore,SGP,2012,295087220933.024
Slovak Republic,SVK,2012,94253181330.3891
Slovenia,SVN,2012,46577793184.0031
Solomon Islands,SLB,2012,1191045573.19991
Spain,ESP,2012,1324744314781.64
Sweden,SWE,2012,552483727282.802
Switzerland,CHE,2012,692109693986.886
Tajikistan,TJK,2012,7633049792.09321
Thailand,THA,2012,397558222957.17
Timor-Leste,TLS,2012,1160389500.0
Tonga,TON,2012,470714083.426751
Turkiye,TUR,2012,880556375779.51
Turkmenistan,TKM,2012,35164210526.3158
Tuvalu,TUV,2012,39345620.2112239
Ukraine,UKR,2012,182592416468.527
United Kingdom,GBR,2012,2719158341005.79
Uzbekistan,UZB,2012,67517349212.0609
Vanuatu,VUT,2012,747839697.746593
Vietnam,VNM,2012,195592471672.748
Albania,ALB,2013,12776220507.0162
American Samoa,ASM,2013,638000000.0
Andorra,AND,2013,3193512950.02419
Armenia,ARM,2013,11121465767.4067
Australia,AUS,2013,1576335282651.07
Austria,AUT,2013,430190979705.962
Azerbaijan,AZE,2013,74164435946.4627
Belarus,BLR,2013,75527984234.2342
Belgium,BEL,2013,521791015247.06
Bosnia and Herzegovina,BIH,2013,18172335776.3301
Brunei Darussalam,BRN,2013,18093829923.2737
Bulgaria,BGR,2013,55810138436.4821
Cambodia,KHM,2013,15227991395.2201
Channel Islands,CHI,2013,466785341062.932
China,CHN,2013,9570406235659.64
Croatia,HRV,2013,58889082315.336
Cyprus,CYP,2013,23900872625.8467
Czechia,CZE,2013,211685616592.931
Denmark,DNK,2013,343584391647.927
Estonia,EST,2013,25115753366.1114
Faroe Islands,FRO,2013,2677296440.7172
Fiji,FJI,2013,4190143206.25611
Finland,FIN,2013,271362405890.589
France,FRA,2013,2811876903329.03
French Polynesia,PYF,2013,466785341062.932
Georgia,GEO,2013,17189551520.9811
Germany,DEU,2013,3733804649549.03
Gibraltar,GIB,2013,466785341062.932
Greece,GRC,2013,238907690051.13
Greenland,GRL,2013,2684952726.88425
Guam,GUM,2013,5399000000.0
"Hong Kong SAR, China",HKG,2013,275696879834.966
Hungary,HUN,2013,135732595721.853
Iceland,ISL,2013,16125060515.3117
Indonesia,IDN,2013,912524136718.018
Ireland,IRL,2013,238279269750.987
Isle of Man,IMN,2013,7000748788.49461
Italy,ITA,2013,2141924094298.56
Japan,JPN,2013,5212328181166.18
Kazakhstan,KAZ,2013,236634552078.102
Kiribati,KIR,2013,184550740.142316
"Korea, Dem. People's Rep.",PRK,2013,466785341062.932
"Korea, Rep.",KOR,2013,1370795199976.18
Kosovo,XKX,2013,6735731172.79851
Kyrgyz Republic,KGZ,2013,7335027591.91628
Lao PDR,LAO,2013,11983252611.2727
Latvia,LVA,2013,30204783461.8488
Liechtenstein,LIE,2013,6391735893.83968
Lithuania,LTU,2013,46523420074.4372
Luxembourg,LUX,2013,65203276466.9763
"Macao SAR, China",MAC,2013,51536304807.6803
Malaysia,MYS,2013,323277158906.979
Marshall Islands,MHL,2013,184840400.0
"Micronesia, Fed. Sts.",FSM,2013,317214400.0
Moldova,MDA,2013,9496717702.44839
Monaco,MCO,2013,6555983530.34932
Mongolia,MNG,2013,12582122604.1921
Montenegro,MNE,2013,4465771672.62005
Myanmar,MMR,2013,60572257122.2962
Nauru,NRU,2013,98491843.6441982
Netherlands,NLD,2013,877172824534.512
New Caledonia,NCL,2013,10151385305.7645
New Zealand,NZL,2013,190906575136.003
North Macedonia,MKD,2013,10817712138.9451
Northern Mariana Islands,MNP,2013,772000000.0
Norway,NOR,2013,522761531914.894
Palau,PLW,2013,221117200.0
Papua New Guinea,PNG,2013,21261432791.2675
Philippines,PHL,2013,283902728260.716
Poland,POL,2013,521016262734.924
Portugal,PRT,2013,226433858005.714
Romania,ROU,2013,190801346194.297
Russian Federation,RUS,2013,2292473246621.08
Samoa,WSM,2013,770059564.970021
San Marino,SMR,2013,1678841811.66158
Serbia,SRB,2013,48394239474.6762
Singapore,SGP,2013,307576360584.992
Slovak Republic,SVK,2013,98569320342.5842
Slovenia,SVN,2013,48415657264.8758
Solomon Islands,SLB,2013,1284763287.27352
Spain,ESP,2013,1355142585077.65
Sweden,SWE,2013,586841821796.891
Switzerland,CHE,2013,712748124222.61
Tajikistan,TJK,2013,8448469837.53831
Thailand,THA,2013,420333203150.426
Timor-Leste,TLS,2013,1395519600.0
Tonga,TON,2013,450643615.180528
Turkiye,TUR,2013,957783020853.031
Turkmenistan,TKM,2013,39197543859.6491
Tuvalu,TUV,2013,38617493.7246573
Ukraine,UKR,2013,190498811460.028
United Kingdom,GBR,2013,2803291406029.93
Uzbekistan,UZB,2013,73180036692.3255
Vanuatu,VUT,2013,758304466.245339
Vietnam,VNM,2013,213710932339.105
Albania,ALB,2014,13228147516.1168
American Samoa,ASM,2014,643000000.0
Andorra,AND,2014,3271685596.66321
Armenia,ARM,2014,11609512939.7542
Australia,AUS,2014,1467504819608.92
Austria,AUT,2014,442584815286.034
Azerbaijan,AZE,2014,75244294275.1498
Belarus,BLR,2014,78813839984.3506
Belgium,BEL,2014,535390200131.018
Bosnia and Herzegovina,BIH,2014,18560861397.5577
Brunei Darussalam,BRN,2014,17098342541.4365
Bulgaria,BGR,2014,57082011260.3446
Cambodia,KHM,2014,16702610842.4025
Channel Islands,CHI,2014,477131996998.1093
China,CHN,2014,10475682920597.7
Croatia,HRV,2014,58330289756.6914
Cyprus,CYP,2014,23156850006.6427
Czechia,CZE,2014,209358834156.329
Denmark,DNK,2014,352993631617.708
Estonia,EST,2014,26634083965.0987
Faroe Islands,FRO,2014,2901131403.11804
Fiji,FJI,2014,4856963229.83999
Finland,FIN,2014,274862826772.156
France,FRA,2014,2855964488590.19
French Polynesia,PYF,2014,477131996998.1093
Georgia,GEO,2014,17627003454.7205
Germany,DEU,2014,3889093051023.52
Gibraltar,GIB,2014,477131996998.1093
Greece,GRC,2014,235458133124.608
Greenland,GRL,2014,2842048997.77283
Guam,GUM,2014,5610000000.0
"Hong Kong SAR, China",HKG,2014,291459356985.337
Hungary,HUN,2014,141078984816.675
Iceland,ISL,2014,17867662177.8911
Indonesia,IDN,2014,890814755233.225
Ireland,IRL,2014,258969649063.72
Isle of Man,IMN,2014,7708834951.45631
Italy,ITA,2014,2162009615996.54
Japan,JPN,2014,4896994405353.29
Kazakhstan,KAZ,2014,221415572819.5
Kiribati,KIR,2014,177862310.350122
"Korea, Dem. People's Rep.",PRK,2014,477131996998.1093
"Korea, Rep.",KOR,2014,1484318219633.63
Kosovo,XKX,2014,7074657898.23303
Kyrgyz Republic,KGZ,2014,7468096566.71158
Lao PDR,LAO,2014,13279248478.8161
Latvia,LVA,2014,31386896487.0407
Liechtenstein,LIE,2014,6657170923.37918
Lithuania,LTU,2014,48533659592.1728
Luxembourg,LUX,2014,68804811897.6445
"Macao SAR, China",MAC,2014,54903031137.7096
Malaysia,MYS,2014,338061963396.376
Marshall Islands,MHL,2014,182142800.0
"Micronesia, Fed. Sts.",FSM,2014,319271200.0
Moldova,MDA,2014,9510198961.57287
Monaco,MCO,2014,7069616048.89066
Mongolia,MNG,2014,12226514722.0861
Montenegro,MNE,2014,4593852089.0956
Myanmar,MMR,2014,63264892768.3726
Nauru,NRU,2014,104654365.188653
Netherlands,NLD,2014,892167986713.722
New Caledonia,NCL,2014,10635039738.6899
New Zealand,NZL,2014,201313497220.917
North Macedonia,MKD,2014,11362272837.8818
Northern Mariana Islands,MNP,2014,832000000.0
Norway,NOR,2014,498410050251.256
Palau,PLW,2014,241669800.0
Papua New Guinea,PNG,2014,23210682538.3928
Philippines,PHL,2014,297483247101.038
Poland,POL,2014,542477096211.761
Portugal,PRT,2014,229901964221.884
Romania,ROU,2014,199959363430.073
Russian Federation,RUS,2014,2059241965490.83
Samoa,WSM,2014,756805950.228193
San Marino,SMR,2014,1673973694.69908
Serbia,SRB,2014,47062206677.6539
Singapore,SGP,2014,314851156183.411
Slovak Republic,SVK,2014,101089178418.029
Slovenia,SVN,2014,49997186439.0916
Solomon Islands,SLB,2014,1335584911.8002
Spain,ESP,2014,1371222712535.68
Sweden,SWE,2014,581964017237.095
Switzerland,CHE,2014,734396591036.932
Tajikistan,TJK,2014,9112544556.05962
Thailand,THA,2014,407339454060.678
Timor-Leste,TLS,2014,1447307100.0
Tonga,TON,2014,439878828.008608
Turkiye,TUR,2014,938952628604.067
Turkmenistan,TKM,2014,43524210526.3158
Tuvalu,TUV,2014,38759689.9224806
Ukraine,UKR,2014,133503411375.739
United Kingdom,GBR,2014,3087165602962.86
Uzbekistan,UZB,2014,80845384375.1236
Vanuatu,VUT,2014,772315721.265827
Vietnam,VNM,2014,233449971628.523
Albania,ALB,2015,11386850129.8411
American Samoa,ASM,2015,673000000.0
Andorra,AND,2015,2789881258.50362
Armenia,ARM,2015,10553337672.9872
Australia,AUS,2015,1350534154255.76
Austria,AUT,2015,381971148530.543
Azerbaijan,AZE,2015,53074370486.0433
Belarus,BLR,2015,56454734396.5842
Belgium,BEL,2015,462335574841.484
Bosnia and Herzegovina,BIH,2015,16219819343.5214
Brunei Darussalam,BRN,2015,12930394937.8137
Bulgaria,BGR,2015,50781996712.7635
Cambodia,KHM,2015,18049954289.4229
Channel Islands,CHI,2015,441565725822.58716
China,CHN,2015,11061553079871.5
Croatia,HRV,2015,50163192883.1515
Cyprus,CYP,2015,19842404304.8929
Czechia,CZE,2015,188033050459.881
Denmark,DNK,2015,302673070846.857
Estonia,EST,2015,22890762090.1508
Faroe Islands,FRO,2015,2561824640.6754
Fiji,FJI,2015,4682546863.08162
Finland,FIN,2015,234534382384.766
France,FRA,2015,2439188643162.5
French Polynesia,PYF,2015,5325848045.4324
Georgia,GEO,2015,14953950557.4406
Germany,DEU,2015,3357585719351.56
Gibraltar,GIB,2015,441565725822.58716
Greece,GRC,2015,195683527003.375
Greenland,GRL,2015,2499115623.00272
Guam,GUM,2015,5799000000.0
"Hong Kong SAR, China",HKG,2015,309383627028.561
Hungary,HUN,2015,125210324613.14
Iceland,ISL,2015,17517210519.0912
Indonesia,IDN,2015,860854235065.079
Ireland,IRL,2015,291580037584.33
Isle of Man,IMN,2015,7085288006.11154
Italy,ITA,2015,1836637711060.55
Japan,JPN,2015,4444930651964.18
Kazakhstan,KAZ,2015,184388432148.715
Kiribati,KIR,2015,170291001.98321
"Korea, Dem. People's Rep.",PRK,2015,441565725822.58716
"Korea, Rep.",KOR,2015,1465773245547.15
Kosovo,XKX,2015,6295820481.52668
Kyrgyz Republic,KGZ,2015,6678178340.45121
Lao PDR,LAO,2015,14426381187.0894
Latvia,LVA,2015,27263090547.0617
Liechtenstein,LIE,2015,6268391521.19701
Lithuania,LTU,2015,41435533340.3883
Luxembourg,LUX,2015,60071584216.1375
"Macao SAR, China",MAC,2015,45047964934.2517
Malaysia,MYS,2015,301354803994.367
Marshall Islands,MHL,2015,183814300.0
"Micronesia, Fed. Sts.",FSM,2015,316489900.0
Moldova,MDA,2015,7745241912.94722
Monaco,MCO,2015,6261622101.40908
Mongolia,MNG,2015,11619892396.0767
Montenegro,MNE,2015,4054728172.94375
Myanmar,MMR,2015,63045305229.1046
Nauru,NRU,2015,86529661.3694983
Netherlands,NLD,2015,765572770634.375
New Caledonia,NCL,2015,8738205836.7394
New Zealand,NZL,2015,178064471137.921
North Macedonia,MKD,2015,10064515432.0265
Northern Mariana Islands,MNP,2015,910000000.0
Norway,NOR,2015,385801550067.169
Palau,PLW,2015,280457700.0
Papua New Guinea,PNG,2015,21723531173.2409
Philippines,PHL,2015,306446140628.709
Poland,POL,2015,477811911394.084
Portugal,PRT,2015,199394066525.44
Romania,ROU,2015,177729210874.504
Russian Federation,RUS,2015,1363481063446.77
Samoa,WSM,2015,788307314.850856
San Marino,SMR,2015,1419394763.11994
Serbia,SRB,2015,39655958842.5478
Singapore,SGP,2015,308004146057.608
Slovak Republic,SVK,2015,88636928904.6449
Slovenia,SVN,2015,43107506024.3254
Solomon Islands,SLB,2015,1307082934.28683
Spain,ESP,2015,1195599995808.59
Sweden,SWE,2015,505103781349.757
Switzerland,CHE,2015,702149580770.901
Tajikistan,TJK,2015,8271454300.59548
Thailand,THA,2015,401296437424.995
Timor-Leste,TLS,2015,1594410900.0
Tonga,TON,2015,437006227.162781
Turkiye,TUR,2015,864316670330.882
Turkmenistan,TKM,2015,35799714285.7143
Tuvalu,TUV,2015,36811659.5297123
Ukraine,UKR,2015,91030959454.6961
United Kingdom,GBR,2015,2956573778737.76
Uzbekistan,UZB,2015,86196265191.6645
Vanuatu,VUT,2015,730870581.672312
Vietnam,VNM,2015,239257234710.757
Albania,ALB,2016,11861199830.8396
American Samoa,ASM,2016,671000000.0
Andorra,AND,2016,2896610479.73077
Armenia,ARM,2016,10546135160.031
Australia,AUS,2016,1206685107002.47
Austria,AUT,2016,395837353031.499
Azerbaijan,AZE,2016,37867518957.1975
Belarus,BLR,2016,47722657820.6675
Belgium,BEL,2016,476062757356.927
Bosnia and Herzegovina,BIH,2016,16914287593.2899
Brunei Darussalam,BRN,2016,11400854267.7188
Bulgaria,BGR,2016,53953897624.4344
Cambodia,KHM,2016,20016747754.0192
Channel Islands,CHI,2016,449000989054.89294
China,CHN,2016,11233276536744.7
Croatia,HRV,2016,52295158344.2544
Cyprus,CYP,2016,20953442550.3653
Czechia,CZE,2016,196272068576.338
Denmark,DNK,2016,313115929314.339
Estonia,EST,2016,24072829276.7744
Faroe Islands,FRO,2016,2804863556.01111
Fiji,FJI,2016,4930204229.72263
Finland,FIN,2016,240771351298.833
France,FRA,2016,2472964344587.17
French Polynesia,PYF,2016,5497037292.63831
Georgia,GEO,2016,15141758566.7808
Germany,DEU,2016,3469853463945.53
Gibraltar,GIB,2016,449000989054.89294
Greece,GRC,2016,193148146586.933
Greenland,GRL,2016,2707146783.13056
Guam,GUM,2016,5901000000.0
"Hong Kong SAR, China",HKG,2016,320858250776.188
Hungary,HUN,2016,128636108315.474
Iceland,ISL,2016,20793168030.9524
Indonesia,IDN,2016,931877364177.742
Ireland,IRL,2016,298928152644.686
Isle of Man,IMN,2016,6846691871.45558
Italy,ITA,2016,1877071687633.78
Japan,JPN,2016,5003677627544.24
Kazakhstan,KAZ,2016,137278320084.171
Kiribati,KIR,2016,178509814.059419
"Korea, Dem. People's Rep.",PRK,2016,449000989054.89294
"Korea, Rep.",KOR,2016,1500111596236.37
Kosovo,XKX,2016,6682832632.27806
Kyrgyz Republic,KGZ,2016,6813092065.83507
Lao PDR,LAO,2016,15912495368.8717
Latvia,LVA,2016,28083597512.4841
Liechtenstein,LIE,2016,6237264055.20601
Lithuania,LTU,2016,43047309305.7363
Luxembourg,LUX,2016,62216885435.9488
"Macao SAR, China",MAC,2016,45070605746.0194
Malaysia,MYS,2016,301255380276.258
Marshall Islands,MHL,2016,201510900.0
"Micronesia, Fed. Sts.",FSM,2016,332265200.0
Moldova,MDA,2016,8071469355.2527
Monaco,MCO,2016,6472990923.1791
Mongolia,MNG,2016,11181350461.4723
Montenegro,MNE,2016,4376929571.63126
Myanmar,MMR,2016,60291736893.9397
Nauru,NRU,2016,99723394.9628767
Netherlands,NLD,2016,784060430240.08
New Caledonia,NCL,2016,8724570249.74306
New Zealand,NZL,2016,188838342527.975
North Macedonia,MKD,2016,10672471860.7184
Northern Mariana Islands,MNP,2016,1230000000.0
Norway,NOR,2016,368827142857.143
Palau,PLW,2016,298300000.0
Papua New Guinea,PNG,2016,20759069103.0961
Philippines,PHL,2016,318626761492.867
Poland,POL,2016,472630364208.177
Portugal,PRT,2016,206426152308.931
Romania,ROU,2016,188128818486.401
Russian Federation,RUS,2016,1276786979221.81
Samoa,WSM,2016,799493897.539886
San Marino,SMR,2016,1468377241.53199
Serbia,SRB,2016,40692643373.0327
Singapore,SGP,2016,318832428519.725
Slovak Republic,SVK,2016,89674927723.2422
Slovenia,SVN,2016,44766722790.5826
Solomon Islands,SLB,2016,1378543909.3128
Spain,ESP,2016,1232912963206.23
Sweden,SWE,2016,515654671469.547
Switzerland,CHE,2016,695600652899.283
Tajikistan,TJK,2016,6992393787.40891
Thailand,THA,2016,413366150655.591
Timor-Leste,TLS,2016,1650618500.0
Tonga,TON,2016,420540178.571429
Turkiye,TUR,2016,869692960365.551
Turkmenistan,TKM,2016,36169428571.4286
Tuvalu,TUV,2016,41629497.4724948
Ukraine,UKR,2016,93355993628.5042
United Kingdom,GBR,2016,2722851958486.23
Uzbekistan,UZB,2016,86138288615.1218
Vanuatu,VUT,2016,780889605.899977
Vietnam,VNM,2016,257095955975.529
Albania,ALB,2017,13019689336.6919
American Samoa,ASM,2017,612000000.0
Andorra,AND,2017,3000162081.11976
Armenia,ARM,2017,11527458565.7334
Australia,AUS,2017,1326882872011.46
Austria,AUT,2017,417261151844.977
Azerbaijan,AZE,2017,40865558912.3867
Belarus,BLR,2017,54726595249.1849
Belgium,BEL,2017,502764720556.354
Bosnia and Herzegovina,BIH,2017,18079076426.8667
Brunei Darussalam,BRN,2017,12128104859.1498
Bulgaria,BGR,2017,59199447421.4924
Cambodia,KHM,2017,22177200511.5811
Channel Islands,CHI,2017,477738669095.3345
China,CHN,2017,12310409370894.2
Croatia,HRV,2017,56214427431.2
Cyprus,CYP,2017,22870833709.8961
Czechia,CZE,2017,218628940951.675
Denmark,DNK,2017,332121063806.391
Estonia,EST,2017,26924385103.0659
Faroe Islands,FRO,2017,2969876872.28339
Fiji,FJI,2017,5353404422.08138
Finland,FIN,2017,255647979916.471
France,FRA,2017,2595151045197.65
French Polynesia,PYF,2017,5833351477.8985
Georgia,GEO,2017,16242916915.7203
Germany,DEU,2017,3690849152517.65
Gibraltar,GIB,2017,477738669095.3345
Greece,GRC,2017,199844406013.531
Greenland,GRL,2017,2851610655.92391
Guam,GUM,2017,6013000000.0
"Hong Kong SAR, China",HKG,2017,341273289534.466
Hungary,HUN,2017,143136245596.988
Iceland,ISL,2017,24728285177.4603
Indonesia,IDN,2017,1015618742565.81
Ireland,IRL,2017,335430829594.026
Isle of Man,IMN,2017,6979581724.58172
Italy,ITA,2017,1961796197354.36
Japan,JPN,2017,4930837369151.42
Kazakhstan,KAZ,2017,166805800595.704
Kiribati,KIR,2017,188192060.085837
"Korea, Dem. People's Rep.",PRK,2017,477738669095.3345
"Korea, Rep.",KOR,2017,1623901496835.79
Kosovo,XKX,2017,7180813375.50836
Kyrgyz Republic,KGZ,2017,7702934800.12836
Lao PDR,LAO,2017,17071162084.4067
Latvia,LVA,2017,30483806017.8318
Liechtenstein,LIE,2017,6474256118.61481
Lithuania,LTU,2017,47758736931.7801
Luxembourg,LUX,2017,65712180342.9836
"Macao SAR, China",MAC,2017,50440941938.6992
Malaysia,MYS,2017,319112136545.438
Marshall Islands,MHL,2017,213204100.0
"Micronesia, Fed. Sts.",FSM,2017,366666800.0
Moldova,MDA,2017,9669741744.22001
Monaco,MCO,2017,6431314957.07185
Mongolia,MNG,2017,11480847745.3187
Montenegro,MNE,2017,4856602178.63417
Myanmar,MMR,2017,61449392056.1488
Nauru,NRU,2017,109359680.217211
Netherlands,NLD,2017,833869641687.06
New Caledonia,NCL,2017,9173668102.13844
New Zealand,NZL,2017,206623758800.159
North Macedonia,MKD,2017,11307058382.3435
Northern Mariana Islands,MNP,2017,1560000000.0
Norway,NOR,2017,398393955268.99
Palau,PLW,2017,285300000.0
Papua New Guinea,PNG,2017,22742613553.6879
Philippines,PHL,2017,328480867142.69
Poland,POL,2017,526508877305.321
Portugal,PRT,2017,221357874718.93
Romania,ROU,2017,211695422578.655
Russian Federation,RUS,2017,1574199387070.9
Samoa,WSM,2017,832025556.081401
San Marino,SMR,2017,1528630704.92544
Serbia,SRB,2017,44179055279.8887
Singapore,SGP,2017,343193352161.634
Slovak Republic,SVK,2017,95393515077.7472
Slovenia,SVN,2017,48589100043.0954
Solomon Islands,SLB,2017,1483793468.06299
Spain,ESP,2017,1312539279462.36
Sweden,SWE,2017,541018749769.097
Switzerland,CHE,2017,704478516963.855
Tajikistan,TJK,2017,7536439875.08334
Thailand,THA,2017,456356961443.497
Timor-Leste,TLS,2017,1615609700.0
Tonga,TON,2017,460379144.989821
Turkiye,TUR,2017,858996263095.858
Turkmenistan,TKM,2017,37926285714.2857
Tuvalu,TUV,2017,45217657.8786021
Ukraine,UKR,2017,112090530368.543
United Kingdom,GBR,2017,2699016715111.39
Uzbekistan,UZB,2017,62081323299.0324
Vanuatu,VUT,2017,880062103.045053
Vietnam,VNM,2017,281353402175.236
Albania,ALB,2018,15156432309.8977
American Samoa,ASM,2018,639000000.0
Andorra,AND,2018,3218419896.9641
Armenia,ARM,2018,12457941907.0333
Australia,AUS,2018,1428529571351.06
Austria,AUT,2018,455168151938.941
Azerbaijan,AZE,2018,47112941176.4706
Belarus,BLR,2018,60031262269.3365
Belgium,BEL,2018,543347368038.353
Bosnia and Herzegovina,BIH,2018,20177422311.0773
Brunei Darussalam,BRN,2018,13567351175.0315
Bulgaria,BGR,2018,66363422450.2112
Cambodia,KHM,2018,24571753583.4922
Channel Islands,CHI,2018,516462792789.9664
China,CHN,2018,13894817549380.3
Croatia,HRV,2018,62247874948.8225
Cyprus,CYP,2018,25522671232.8767
Czechia,CZE,2018,248950103352.137
Denmark,DNK,2018,356841216410.068
Estonia,EST,2018,30489500904.8564
Faroe Islands,FRO,2018,3180074747.41076
Fiji,FJI,2018,5581371850.14851
Finland,FIN,2018,275715087494.902
France,FRA,2018,2790956878746.66
French Polynesia,PYF,2018,6135117589.07754
Georgia,GEO,2018,17596922469.9152
Germany,DEU,2018,3977289455388.23
Gibraltar,GIB,2018,516462792789.9664
Greece,GRC,2018,212049447242.111
Greenland,GRL,2018,3055791340.7025
Guam,GUM,2018,6060000000.0
"Hong Kong SAR, China",HKG,2018,361731070995.726
Hungary,HUN,2018,160586833778.457
Iceland,ISL,2018,26267063757.5495
Indonesia,IDN,2018,1042271531011.99
Ireland,IRL,2018,385041711506.234
Isle of Man,IMN,2018,7491969312.87525
Italy,ITA,2018,2091932426266.98
Japan,JPN,2018,5037835383110.97
Kazakhstan,KAZ,2018,179339994859.384
Kiribati,KIR,2018,196230573.819486
"Korea, Dem. People's Rep.",PRK,2018,516462792789.9664
"Korea, Rep.",KOR,2018,1724845615629.26
Kosovo,XKX,2018,7878508502.59802
Kyrgyz Republic,KGZ,2018,8271108638.39931
Lao PDR,LAO,2018,18141651381.3884
Latvia,LVA,2018,34429023435.0211
Liechtenstein,LIE,2018,6692504346.04765
Lithuania,LTU,2018,53750911865.687
Luxembourg,LUX,2018,71285019397.4133
"Macao SAR, China",MAC,2018,55284360483.1217
Malaysia,MYS,2018,358791513221.482
Marshall Islands,MHL,2018,221588900.0
"Micronesia, Fed. Sts.",FSM,2018,401932300.0
Moldova,MDA,2018,11457443185.0542
Monaco,MCO,2018,7194024563.06094
Mongolia,MNG,2018,13178094459.4548
Montenegro,MNE,2018,5506944403.30186
Myanmar,MMR,2018,67144725830.5753
Nauru,NRU,2018,124021393.690412
Netherlands,NLD,2018,914043438179.607
New Caledonia,NCL,2018,9846922416.14776
New Zealand,NZL,2018,211953111035.513
North Macedonia,MKD,2018,12683070061.4695
Northern Mariana Islands,MNP,2018,1302000000.0
Norway,NOR,2018,436999692591.454
Palau,PLW,2018,284700000.0
Papua New Guinea,PNG,2018,24109509852.7402
Philippines,PHL,2018,346842094175.24
Poland,POL,2018,587411745161.558
Portugal,PRT,2018,242313116577.967
Romania,ROU,2018,241457403085.042
Russian Federation,RUS,2018,1657329646183.62
Samoa,WSM,2018,821286938.902743
San Marino,SMR,2018,1655300897.49646
Serbia,SRB,2018,50640650221.4622
Singapore,SGP,2018,376998146500.593
Slovak Republic,SVK,2018,105612792516.582
Slovenia,SVN,2018,54163591695.32
Solomon Islands,SLB,2018,1574622018.23326
Spain,ESP,2018,1420994142512.16
Sweden,SWE,2018,555455371487.089
Switzerland,CHE,2018,735539301552.674
Tajikistan,TJK,2018,7765014424.33779
Thailand,THA,2018,506754616189.315
Timor-Leste,TLS,2018,1583876200.0
Tonga,TON,2018,489235527.395387
Turkiye,TUR,2018,778471901665.148
Turkmenistan,TKM,2018,40765428571.4286
Tuvalu,TUV,2018,47818290.4961148
Ukraine,UKR,2018,130891049796.879
United Kingdom,GBR,2018,2900791442554.06
Uzbekistan,UZB,2018,52633143808.1824
Vanuatu,VUT,2018,914736985.430944
Vietnam,VNM,2018,308702086757.617
Albania,ALB,2019,15401830754.0773
American Samoa,ASM,2019,648000000.0
Andorra,AND,2019,3155149347.80639
Armenia,ARM,2019,13619291361.2814
Australia,AUS,2019,1391952510370.48
Austria,AUT,2019,445011872704.47
Azerbaijan,AZE,2019,48174235294.1176
Belarus,BLR,2019,64409647193.8044
Belgium,BEL,2019,535376258146.666
Bosnia and Herzegovina,BIH,2019,20201323282.5451
Brunei Darussalam,BRN,2019,13469422958.5105
Bulgaria,BGR,2019,68915416141.9576
Cambodia,KHM,2019,27089389786.979
Channel Islands,CHI,2019,519179760450.58124
China,CHN,2019,14279937500608.0
Croatia,HRV,2019,62246206340.5469
Cyprus,CYP,2019,25758357774.5438
Czechia,CZE,2019,252498032247.163
Denmark,DNK,2019,347561349210.979
Estonia,EST,2019,31045591753.4901
Faroe Islands,FRO,2019,3268839775.69197
Fiji,FJI,2019,5496264765.78411
Finland,FIN,2019,268508200125.49
France,FRA,2019,2728870246705.88
French Polynesia,PYF,2019,6008055247.77908
Georgia,GEO,2019,17470436258.5131
Germany,DEU,2019,3888326788627.44
Gibraltar,GIB,2019,519179760450.58124
Greece,GRC,2019,205144152830.847
Greenland,GRL,2019,2994332323.74726
Guam,GUM,2019,6364000000.0
"Hong Kong SAR, China",HKG,2019,363052489184.395
Hungary,HUN,2019,163526491433.29
Iceland,ISL,2019,24857740445.0401
Indonesia,IDN,2019,1119099868265.25
Ireland,IRL,2019,399122063504.148
Isle of Man,IMN,2019,7315388052.08067
Italy,ITA,2019,2011285742552.15
Japan,JPN,2019,5123318151510.62
Kazakhstan,KAZ,2019,181667190075.541
Kiribati,KIR,2019,177935349.322211
"Korea, Dem. People's Rep.",PRK,2019,519179760450.58124
"Korea, Rep.",KOR,2019,1651422932447.77
Kosovo,XKX,2019,7899879086.43081
Kyrgyz Republic,KGZ,2019,8871026074.19762
Lao PDR,LAO,2019,18740559554.1632
Latvia,LVA,2019,34308783825.3019
Liechtenstein,LIE,2019,6427248943.44939
Lithuania,LTU,2019,54697379017.3332
Luxembourg,LUX,2019,70195715495.5136
"Macao SAR, China",MAC,2019,55204758069.5124
Malaysia,MYS,2019,365276379480.99
Marshall Islands,MHL,2019,239462200.0
"Micronesia, Fed. Sts.",FSM,2019,412479413.362129
Moldova,MDA,2019,11971345002.7757
Monaco,MCO,2019,7383745662.15157
Mongolia,MNG,2019,14206359006.8095
Montenegro,MNE,2019,5542201150.91048
Myanmar,MMR,2019,68697759361.231
Nauru,NRU,2019,118724073.809183
Netherlands,NLD,2019,910194347568.626
New Caledonia,NCL,2019,9438130987.37298
New Zealand,NZL,2019,213434571357.984
North Macedonia,MKD,2019,12606338448.547
Northern Mariana Islands,MNP,2019,1182000000.0
Norway,NOR,2019,404941363636.364
Palau,PLW,2019,274200000.0
Papua New Guinea,PNG,2019,24751344560.8856
Philippines,PHL,2019,376823278561.196
Poland,POL,2019,597280564671.563
Portugal,PRT,2019,239986922638.902
Romania,ROU,2019,249881592298.072
Russian Federation,RUS,2019,1693113904262.89
Samoa,WSM,2019,852007104.660046
San Marino,SMR,2019,1616231696.0486
Serbia,SRB,2019,51514222381.8428
Singapore,SGP,2019,375472731271.075
Slovak Republic,SVK,2019,105284375640.698
Slovenia,SVN,2019,54178877605.9999
Solomon Islands,SLB,2019,1570093229.25588
Spain,ESP,2019,1393046093137.25
Sweden,SWE,2019,533879529188.454
Switzerland,CHE,2019,731767398052.879
Tajikistan,TJK,2019,8300784856.87904
Thailand,THA,2019,544081056184.697
Timor-Leste,TLS,2019,2047931700.0
Tonga,TON,2019,512350059.421629
Turkiye,TUR,2019,761004425605.414
Turkmenistan,TKM,2019,45231428571.4286
Tuvalu,TUV,2019,54223149.1136601
Ukraine,UKR,2019,153882982016.281
United Kingdom,GBR,2019,2878673912414.44
Uzbekistan,UZB,2019,59907674027.4676
Vanuatu,VUT,2019,936526267.622513
Vietnam,VNM,2019,330391329475.734
Albania,ALB,2020,15131866270.5936
American Samoa,ASM,2020,709000000.0
Andorra,AND,2020,2891001149.3611
Armenia,ARM,2020,12641209802.112
Australia,AUS,2020,1327836171068.51
Austria,AUT,2020,433258467676.515
Azerbaijan,AZE,2020,42693000000.0
Belarus,BLR,2020,61489588894.8211
Belgium,BEL,2020,521676942134.632
Bosnia and Herzegovina,BIH,2020,19955120004.6604
Brunei Darussalam,BRN,2020,12005825769.5087
Bulgaria,BGR,2020,69889347433.4324
Cambodia,KHM,2020,25872798012.1938
Channel Islands,CHI,2020,510457827366.1272
China,CHN,2020,14687673892882.0
Croatia,HRV,2020,57203783203.0259
Cyprus,CYP,2020,24692095945.1742
Czechia,CZE,2020,245339322066.759
Denmark,DNK,2020,356084867685.639
Estonia,EST,2020,30650285471.7215
Faroe Islands,FRO,2020,3240759988.99453
Fiji,FJI,2020,4574413823.31243
Finland,FIN,2020,271836962949.417
France,FRA,2020,2630317731455.26
French Polynesia,PYF,2020,5669368717.20724
Georgia,GEO,2020,15842922532.7202
Germany,DEU,2020,3846413928653.71
Gibraltar,GIB,2020,510457827366.1272
Greece,GRC,2020,188835201625.91
Greenland,GRL,2020,3075968328.69677
Guam,GUM,2020,5844000000.0
"Hong Kong SAR, China",HKG,2020,344881400505.337
Hungary,HUN,2020,156743134665.959
Iceland,ISL,2020,21718075725.2054
Indonesia,IDN,2020,1058688935454.78
Ireland,IRL,2020,425888950992.003
Isle of Man,IMN,2020,510457827366.1272
Italy,ITA,2020,1892574064222.11
Japan,JPN,2020,5040107754084.11
Kazakhstan,KAZ,2020,171082379532.988
Kiribati,KIR,2020,180911843.644622
"Korea, Dem. People's Rep.",PRK,2020,510457827366.1272
"Korea, Rep.",KOR,2020,1637895802792.9
Kosovo,XKX,2020,7716925356.12536
Kyrgyz Republic,KGZ,2020,7780874536.66054
Lao PDR,LAO,2020,18981800705.0794
Latvia,LVA,2020,33645460617.239
Liechtenstein,LIE,2020,510457827366.1272
Lithuania,LTU,2020,56546957475.4912
Luxembourg,LUX,2020,73353132793.7076
"Macao SAR, China",MAC,2020,25586111076.3415
Malaysia,MYS,2020,337006023789.699
Marshall Islands,MHL,2020,244462400.0
"Micronesia, Fed. Sts.",FSM,2020,407515927.98229
Moldova,MDA,2020,11859730543.5525
Monaco,MCO,2020,6816219303.25528
Mongolia,MNG,2020,13312981594.573
Montenegro,MNE,2020,4780722121.96227
Myanmar,MMR,2020,78930257227.0908
Nauru,NRU,2020,114626625.553023
Netherlands,NLD,2020,913865395789.886
New Caledonia,NCL,2020,9435529927.2471
New Zealand,NZL,2020,211734532308.013
North Macedonia,MKD,2020,12116981815.2261
Northern Mariana Islands,MNP,2020,510457827366.1272
Norway,NOR,2020,362198318435.26
Palau,PLW,2020,257700000.0
Papua New Guinea,PNG,2020,24667052023.1214
Philippines,PHL,2020,361751116292.541
Poland,POL,2020,596624355719.671
Portugal,PRT,2020,228539245045.341
Romania,ROU,2020,249511333647.502
Russian Federation,RUS,2020,1488321875489.74
Samoa,WSM,2020,807147527.615094
San Marino,SMR,2020,1544713784.67671
Serbia,SRB,2020,53335016425.4148
Singapore,SGP,2020,345295933898.674
Slovak Republic,SVK,2020,105172564491.569
Slovenia,SVN,2020,53589609580.7099
Solomon Islands,SLB,2020,1545888426.23031
Spain,ESP,2020,1281484640043.58
Sweden,SWE,2020,541487151474.557
Switzerland,CHE,2020,752248045730.11
Tajikistan,TJK,2020,8133996647.90397
Thailand,THA,2020,499681757030.968
Timor-Leste,TLS,2020,1902156800.0
Tonga,TON,2020,488829964.070819
Turkiye,TUR,2020,719954821683.31
Turkmenistan,TKM,2020,510457827366.1272
Tuvalu,TUV,2020,55054710.6186773
Ukraine,UKR,2020,156617861448.576
United Kingdom,GBR,2020,2756900214107.32
Uzbekistan,UZB,2020,59894305352.8955
Vanuatu,VUT,2020,896827873.114925
Vietnam,VNM,2020,343242570827.351
Albania,ALB,2021,18260043499.8068
American Samoa,ASM,2021,579043516577.722
Andorra,AND,2021,3329910723.76078
Armenia,ARM,2021,13861183873.5931
Australia,AUS,2021,1542659899992.54
Austria,AUT,2021,477082467454.295
Azerbaijan,AZE,2021,54622176470.5882
Belarus,BLR,2021,68218816484.1226
Belgium,BEL,2021,599879025377.51
Bosnia and Herzegovina,BIH,2021,22571512867.2816
Brunei Darussalam,BRN,2021,14006569575.68
Bulgaria,BGR,2021,80271119426.1076
Cambodia,KHM,2021,26961061119.7957
Channel Islands,CHI,2021,579043516577.722
China,CHN,2021,17734062645371.4
Croatia,HRV,2021,67837788543.5852
Cyprus,CYP,2021,27719337670.0177
Czechia,CZE,2021,282340849856.614
Denmark,DNK,2021,397104343478.301
Estonia,EST,2021,36262924353.6041
Faroe Islands,FRO,2021,579043516577.722
Fiji,FJI,2021,4592118709.55279
Finland,FIN,2021,299155237589.142
France,FRA,2021,2937472757953.44
French Polynesia,PYF,2021,579043516577.722
Georgia,GEO,2021,18700241392.1575
Germany,DEU,2021,4223116205968.92
Gibraltar,GIB,2021,579043516577.722
Greece,GRC,2021,216240589485.256
Greenland,GRL,2021,579043516577.722
Guam,GUM,2021,579043516577.722
"Hong Kong SAR, China",HKG,2021,368139247671.487
Hungary,HUN,2021,182280517581.212
Iceland,ISL,2021,25458933915.8742
Indonesia,IDN,2021,1186092991320.04
Ireland,IRL,2021,498559576714.721
Isle of Man,IMN,2021,579043516577.722
Italy,ITA,2021,2099880198258.88
Japan,JPN,2021,4937421880461.55
Kazakhstan,KAZ,2021,190814274226.211
Kiribati,KIR,2021,579043516577.722
"Korea, Dem. People's Rep.",PRK,2021,579043516577.722
"Korea, Rep.",KOR,2021,1798533915091.14
Kosovo,XKX,2021,9007159195.74216
Kyrgyz Republic,KGZ,2021,8543423502.6134
Lao PDR,LAO,2021,18827148530.0151
Latvia,LVA,2021,38872546228.5653
Liechtenstein,LIE,2021,579043516577.722
Lithuania,LTU,2021,65503849704.5997
Luxembourg,LUX,2021,86710803337.0994
"Macao SAR, China",MAC,2021,29905190181.75
Malaysia,MYS,2021,372701358820.264
Marshall Islands,MHL,2021,248665600.0
"Micronesia, Fed. Sts.",FSM,2021,404178049.753978
Moldova,MDA,2021,13679221333.2052
Monaco,MCO,2021,579043516577.722
Mongolia,MNG,2021,15098022828.6106
Montenegro,MNE,2021,5809170961.78285
Myanmar,MMR,2021,65067808984.6792
Nauru,NRU,2021,133218896.932607
Netherlands,NLD,2021,1018007056949.6
New Caledonia,NCL,2021,579043516577.722
New Zealand,NZL,2021,249991512236.526
North Macedonia,MKD,2021,13879269151.5718
Northern Mariana Islands,MNP,2021,579043516577.722
Norway,NOR,2021,482437019790.454
Palau,PLW,2021,579043516577.722
Papua New Guinea,PNG,2021,26594277245.782
Philippines,PHL,2021,394086419343.056
Poland,POL,2021,674048266397.369
Portugal,PRT,2021,249886464354.752
Romania,ROU,2021,284087563695.798
Russian Federation,RUS,2021,1775799919352.98
Samoa,WSM,2021,788389971.603065
San Marino,SMR,2021,579043516577.722
Serbia,SRB,2021,63068134601.1254
Singapore,SGP,2021,396986899888.351
Slovak Republic,SVK,2021,114870706410.165
Slovenia,SVN,2021,61526331889.499
Solomon Islands,SLB,2021,1645213881.62016
Spain,ESP,2021,1425276586282.92
Sweden,SWE,2021,627437898887.29
Switzerland,CHE,2021,812866928867.47
Tajikistan,TJK,2021,8746270636.40142
Thailand,THA,2021,505981655622.305
Timor-Leste,TLS,2021,1959134743.83541
Tonga,TON,2021,579043516577.722
Turkiye,TUR,2021,815271751724.423
Turkmenistan,TKM,2021,579043516577.722
Tuvalu,TUV,2021,63100961.5384615
Ukraine,UKR,2021,200085537744.354
United Kingdom,GBR,2021,3186859739185.02
Uzbekistan,UZB,2021,69238903106.1738
Vanuatu,VUT,2021,983469256.849629
Vietnam,VNM,2021,362637524070.969
